training accuracy: ,0.997666644961
testing accuracy: ,0.994816718471
training precision: ,0.96692964444
testing precision: ,0.911386374464
