training accuracy: ,0.995211738404
testing accuracy: ,0.992029727899
training precision: ,0.922289698605
testing precision: ,0.831603773585
