training accuracy: ,0.997464782618
testing accuracy: ,0.994373925576
training precision: ,0.967001748252
testing precision: ,0.90444015444
