training accuracy: ,0.997315013783
testing accuracy: ,0.994660438625
training precision: ,0.954443134312
testing precision: ,0.893597420544
