training accuracy: ,0.999266349764
testing accuracy: ,0.997447429197
training precision: ,0.989968652038
testing precision: ,0.960108794198
