training accuracy: ,0.999613639817
testing accuracy: ,0.998315650558
training precision: ,0.994709543568
testing precision: ,0.971238938053
