training accuracy: ,0.997132686506
testing accuracy: ,0.994278421226
training precision: ,0.957293822857
testing precision: ,0.90004805382
