training accuracy: ,0.996286167003
testing accuracy: ,0.993045546893
training precision: ,0.933593326833
testing precision: ,0.845979100409
