training accuracy: ,0.998016105576
testing accuracy: ,0.995641528764
training precision: ,0.972311654862
testing precision: ,0.924510717614
