training accuracy: ,0.997625404267
testing accuracy: ,0.995085867093
training precision: ,0.970427760803
testing precision: ,0.914622641509
