training accuracy: ,0.996064769595
testing accuracy: ,0.992576707357
training precision: ,0.93437396944
testing precision: ,0.843384759233
