training accuracy: ,0.998178897788
testing accuracy: ,0.995962770668
training precision: ,0.978235103976
testing precision: ,0.938650306748
