training accuracy: ,0.992620086388
testing accuracy: ,0.988817308861
training precision: ,0.869011451274
testing precision: ,0.755676209279
