training accuracy: ,0.993805213692
testing accuracy: ,0.990432200594
training precision: ,0.88829787234
testing precision: ,0.792624521073
