training accuracy: ,0.994154674307
testing accuracy: ,0.990770806925
training precision: ,0.897003957038
testing precision: ,0.804442298407
