training accuracy: ,0.996511905537
testing accuracy: ,0.992976089184
training precision: ,0.936954413191
testing precision: ,0.849239280775
