training accuracy: ,0.993683662174
testing accuracy: ,0.990050183195
training precision: ,0.882703553756
testing precision: ,0.779411764706
