training accuracy: ,0.994938247488
testing accuracy: ,0.991665074928
training precision: ,0.903850360971
testing precision: ,0.810282074613
