training accuracy: ,0.999693950641
testing accuracy: ,0.998654256889
training precision: ,0.996783231296
testing precision: ,0.981785872945
