training accuracy: ,0.995565540145
testing accuracy: ,0.992212054385
training precision: ,0.921547082738
testing precision: ,0.840572792363
