training accuracy: ,0.998215797356
testing accuracy: ,0.995676257619
training precision: ,0.976838944885
testing precision: ,0.93188268685
