training accuracy: ,0.997916259686
testing accuracy: ,0.994825400684
training precision: ,0.970247046187
testing precision: ,0.911037107517
