training accuracy: ,0.999110069241
testing accuracy: ,0.997100140652
training precision: ,0.991652578191
testing precision: ,0.953923357664
