training accuracy: ,0.999652709948
testing accuracy: ,0.998610845821
training precision: ,0.995951837243
testing precision: ,0.980035492458
