training accuracy: ,0.998107269215
testing accuracy: ,0.995624164337
training precision: ,0.979193758127
testing precision: ,0.936660268714
