training accuracy: ,0.998812702134
testing accuracy: ,0.996692076612
training precision: ,0.986625623607
testing precision: ,0.954184198223
