training accuracy: ,0.999207744568
testing accuracy: ,0.997022000729
training precision: ,0.990454211686
testing precision: ,0.962202519832
