training accuracy: ,0.996592216362
testing accuracy: ,0.993523068642
training precision: ,0.950752545374
testing precision: ,0.879326923077
