training accuracy: ,0.997488658809
testing accuracy: ,0.994868811752
training precision: ,0.963199480463
testing precision: ,0.912422655878
