training accuracy: ,0.994265373011
testing accuracy: ,0.990432200594
training precision: ,0.901293396869
testing precision: ,0.799216454456
