training accuracy: ,0.995674068286
testing accuracy: ,0.992229418813
training precision: ,0.923178082192
testing precision: ,0.827902707664
