training accuracy: ,0.996290508129
testing accuracy: ,0.99275035163
training precision: ,0.937780207764
testing precision: ,0.858104858105
