training accuracy: ,0.998890842395
testing accuracy: ,0.99651843234
training precision: ,0.989679753165
testing precision: ,0.949929808142
